,mae_IS,mae_OOS,mape_IS,mape_OOS,model,store_id,store_level
0,10,15,0.498,0.541,"{'pvalues': FOURIER_S365-0     6.019397e-01
FOURIER_C365-0     7.062421e-01
FOURIER_S365-1     3.524294e-01
FOURIER_C365-1     9.782839e-01
ar.L1              3.810298e-58
ar.L2             1.419142e-251
ma.L1              0.000000e+00
ar.S.L7            0.000000e+00
ar.S.L14          4.183092e-212
sigma2             0.000000e+00
dtype: float64, 'resid': date
2017-08-07     5.862692
2017-08-08     4.375861
2017-08-09    31.044229
2017-08-10    15.198464
2017-08-11    14.697283
                ...    
2021-01-13    -1.421894
2021-01-14     3.053270
2021-01-15     6.857350
2021-01-16     5.881387
2021-01-17   -18.802546
Length: 1260, dtype: float64, 'order': (2, 0, 1), 'seasonal_order': (2, 1, 0, 7), 'oob': nan, 'aic': 10962.520765712532, 'aicc': 10962.696906625262, 'bic': 11013.853725261493, 'bse': FOURIER_S365-0    13.698082
FOURIER_C365-0    10.815373
FOURIER_S365-1     5.286294
FOURIER_C365-1     7.832002
ar.L1              0.021133
ar.L2              0.019149
ma.L1              0.015183
ar.S.L7            0.010199
ar.S.L14           0.010318
sigma2             4.047103
dtype: float64, 'params': FOURIER_S365-0      7.145099
FOURIER_C365-0     -4.076399
FOURIER_S365-1     -4.915658
FOURIER_C365-1     -0.213190
ar.L1              -0.339710
ar.L2               0.648720
ma.L1               0.982137
ar.S.L7            -0.572329
ar.S.L14           -0.320697
sigma2            362.208489
dtype: float64}",307222,A
1,9,6,0.52,0.325,"{'pvalues': FOURIER_S365-0     6.148910e-01
FOURIER_C365-0     7.115095e-01
FOURIER_S365-1     4.987797e-01
FOURIER_C365-1     9.269007e-01
ar.L1              0.000000e+00
ar.L2              8.090005e-02
ar.L3              6.057117e-06
ar.L4              5.915680e-03
ar.S.L7            0.000000e+00
ar.S.L14          1.145628e-199
sigma2             0.000000e+00
dtype: float64, 'resid': date
2017-08-10     5.918206
2017-08-11     3.946914
2017-08-12     3.556102
2017-08-13     3.553106
2017-08-14     3.548250
                ...    
2021-01-13    12.307779
2021-01-14    -3.189616
2021-01-15     3.851644
2021-01-16    -1.049803
2021-01-17    -0.526195
Length: 1257, dtype: float64, 'order': (4, 0, 0), 'seasonal_order': (2, 1, 0, 7), 'oob': nan, 'aic': 10442.249866192878, 'aicc': 10442.461914385649, 'bic': 10498.689753326138, 'bse': FOURIER_S365-0    11.104673
FOURIER_C365-0     8.131850
FOURIER_S365-1     4.254608
FOURIER_C365-1     5.995280
ar.L1              0.014396
ar.L2              0.027146
ar.L3              0.028344
ar.L4              0.028884
ar.S.L7            0.011682
ar.S.L14           0.010928
sigma2             2.889936
dtype: float64, 'params': FOURIER_S365-0      5.586807
FOURIER_C365-0     -3.007398
FOURIER_S365-1     -2.877864
FOURIER_C365-1     -0.550037
ar.L1               0.660702
ar.L2               0.047384
ar.L3              -0.128241
ar.L4               0.079501
ar.S.L7            -0.598502
ar.S.L14           -0.329457
sigma2            243.560132
dtype: float64}",307244,A
2,7,7,0.513,0.307,"{'pvalues': FOURIER_S365-0     6.401056e-01
FOURIER_C365-0     6.763846e-01
FOURIER_S365-1     3.417186e-01
FOURIER_C365-1     9.360231e-01
ar.L1             5.548772e-154
ar.L2              1.858970e-02
ar.L3              6.334437e-06
ar.L4              6.531191e-03
ar.S.L7            0.000000e+00
ar.S.L14          2.719480e-177
sigma2             0.000000e+00
dtype: float64, 'resid': date
2017-08-17    14.085481
2017-08-18    12.214746
2017-08-19     9.409584
2017-08-20     3.260034
2017-08-21     3.293946
                ...    
2021-01-13     5.138526
2021-01-14   -11.082114
2021-01-15     2.331886
2021-01-16    17.600562
2021-01-17    -6.052083
Length: 1250, dtype: float64, 'order': (4, 0, 0), 'seasonal_order': (2, 1, 0, 7), 'oob': nan, 'aic': 9823.200350594892, 'aicc': 9823.413597767752, 'bic': 9879.57846460151, 'bse': FOURIER_S365-0    8.080089
FOURIER_C365-0    6.588889
FOURIER_S365-1    3.184970
FOURIER_C365-1    4.587608
ar.L1             0.023253
ar.L2             0.029770
ar.L3             0.027687
ar.L4             0.029651
ar.S.L7           0.012869
ar.S.L14          0.011073
sigma2            1.845632
dtype: float64, 'params': FOURIER_S365-0      3.777855
FOURIER_C365-0     -2.750214
FOURIER_S365-1     -3.028190
FOURIER_C365-1     -0.368244
ar.L1               0.614682
ar.L2               0.070069
ar.L3              -0.125002
ar.L4               0.080645
ar.S.L7            -0.593927
ar.S.L14           -0.314347
sigma2            155.153572
dtype: float64}",307248,B
3,7,11,0.5710000000000001,0.5770000000000001,"{'pvalues': FOURIER_S365-0     6.192752e-01
FOURIER_C365-0     8.427138e-01
FOURIER_S365-1     5.557415e-01
FOURIER_C365-1     6.910576e-01
ar.L1              4.432613e-12
ar.L2             6.341524e-109
ma.L1              1.433025e-76
ar.S.L7            0.000000e+00
ar.S.L14          1.751023e-197
sigma2             0.000000e+00
dtype: float64, 'resid': date
2017-08-25    10.174717
2017-08-26     3.620586
2017-08-27    17.382741
2017-08-28    14.285785
2017-08-29    15.868035
                ...    
2021-01-13    -1.582361
2021-01-14    -2.586648
2021-01-15     5.144132
2021-01-16     2.408453
2021-01-17     3.325691
Length: 1242, dtype: float64, 'order': (2, 0, 1), 'seasonal_order': (2, 1, 0, 7), 'oob': nan, 'aic': 10026.773108545225, 'aicc': 10026.951825035883, 'bic': 10077.961371035846, 'bse': FOURIER_S365-0    8.474576
FOURIER_C365-0    8.260347
FOURIER_S365-1    4.080634
FOURIER_C365-1    4.954607
ar.L1             0.045883
ar.L2             0.026415
ma.L1             0.048119
ar.S.L7           0.009299
ar.S.L14          0.010767
sigma2            1.742215
dtype: float64, 'params': FOURIER_S365-0      4.210829
FOURIER_C365-0     -1.639046
FOURIER_S365-1     -2.404222
FOURIER_C365-1     -1.969061
ar.L1              -0.317630
ar.L2               0.585686
ma.L1               0.891151
ar.S.L7            -0.568240
ar.S.L14           -0.322794
sigma2            192.843236
dtype: float64}",320264,B
4,19,17,0.602,0.255,"{'pvalues': FOURIER_S365-0     6.749042e-01
FOURIER_C365-0     8.114376e-01
FOURIER_S365-1     1.434338e-01
FOURIER_C365-1     8.817874e-01
ar.L1              0.000000e+00
ar.L2              4.058647e-02
ar.L3              4.980132e-06
ar.L4              4.088856e-04
ar.S.L7            0.000000e+00
ar.S.L14          4.147646e-123
sigma2             0.000000e+00
dtype: float64, 'resid': date
2017-08-09    16.338952
2017-08-10    15.354443
2017-08-11    22.315065
2017-08-12    58.993602
2017-08-13    20.335179
                ...    
2021-01-13    22.550227
2021-01-14     4.156004
2021-01-15   -43.226171
2021-01-16    42.166261
2021-01-17    10.931217
Length: 1258, dtype: float64, 'order': (4, 0, 0), 'seasonal_order': (2, 1, 0, 7), 'oob': nan, 'aic': 12434.085415011297, 'aicc': 12434.297293020929, 'bic': 12490.534098626433, 'bse': FOURIER_S365-0    31.260799
FOURIER_C365-0    22.351412
FOURIER_S365-1    10.934326
FOURIER_C365-1    15.931385
ar.L1              0.016192
ar.L2              0.021971
ar.L3              0.026827
ar.L4              0.027865
ar.S.L7            0.009728
ar.S.L14           0.011475
sigma2            13.320034
dtype: float64, 'params': FOURIER_S365-0      13.111617
FOURIER_C365-0      -5.332417
FOURIER_S365-1     -15.998261
FOURIER_C365-1      -2.369058
ar.L1                0.644270
ar.L2                0.044991
ar.L3               -0.122481
ar.L4                0.098484
ar.S.L7             -0.495449
ar.S.L14            -0.270779
sigma2            1189.991395
dtype: float64}",328165,A
5,12,11,0.528,0.273,"{'pvalues': FOURIER_S365-0    4.838861e-01
FOURIER_C365-0    7.899418e-01
FOURIER_S365-1    2.119646e-01
FOURIER_C365-1    7.185973e-01
ar.L1             0.000000e+00
ar.S.L7           0.000000e+00
ar.S.L14          8.367133e-77
sigma2            0.000000e+00
dtype: float64, 'resid': date
2017-08-18     6.261588
2017-08-19     5.927161
2017-08-20     5.978645
2017-08-21     6.026088
2017-08-22     6.069073
                ...    
2021-01-13     5.696697
2021-01-14     7.873189
2021-01-15   -39.648749
2021-01-16    32.981867
2021-01-17   -19.913887
Length: 1249, dtype: float64, 'order': (1, 0, 0), 'seasonal_order': (2, 1, 0, 7), 'oob': nan, 'aic': 11093.96051039837, 'aicc': 11094.076639430628, 'bic': 11134.956336498317, 'bse': FOURIER_S365-0    14.978433
FOURIER_C365-0    11.524653
FOURIER_S365-1     5.697000
FOURIER_C365-1     7.605241
ar.L1              0.011421
ar.S.L7            0.012052
ar.S.L14           0.014495
sigma2             6.812101
dtype: float64, 'params': FOURIER_S365-0     10.485892
FOURIER_C365-0     -3.070009
FOURIER_S365-1     -7.110890
FOURIER_C365-1     -2.740428
ar.L1               0.609868
ar.S.L7            -0.480793
ar.S.L14           -0.268854
sigma2            436.753982
dtype: float64}",349920,A
6,8,8,0.584,0.376,"{'pvalues': FOURIER_S365-0     1.188254e-02
FOURIER_C365-0     2.796549e-01
FOURIER_S365-1     1.273408e-01
FOURIER_C365-1     3.515960e-01
ar.L1              1.149214e-31
ar.L2              2.672754e-69
ar.L3             6.033542e-113
ar.L4              1.693183e-07
ma.L1              8.223359e-02
ma.L2             5.167257e-107
ar.S.L7           1.221315e-194
ar.S.L14          6.508183e-112
sigma2             0.000000e+00
dtype: float64, 'resid': date
2017-08-17    10.635751
2017-08-18     3.427381
2017-08-19     3.461427
2017-08-20     3.493686
2017-08-21     3.523176
                ...    
2021-01-13     9.109291
2021-01-14    -6.473362
2021-01-15    27.615961
2021-01-16     5.946784
2021-01-17    11.086554
Length: 1250, dtype: float64, 'order': (4, 0, 2), 'seasonal_order': (2, 1, 0, 7), 'oob': nan, 'aic': 9972.432825014685, 'aicc': 9972.727323396562, 'bic': 10039.061505204323, 'bse': FOURIER_S365-0    1.452991
FOURIER_C365-0    1.882766
FOURIER_S365-1    1.963605
FOURIER_C365-1    1.415812
ar.L1             0.046665
ar.L2             0.061037
ar.L3             0.023370
ar.L4             0.030260
ma.L1             0.041552
ma.L2             0.041340
ar.S.L7           0.017328
ar.S.L14          0.014809
sigma2            1.981883
dtype: float64, 'params': FOURIER_S365-0      3.655163
FOURIER_C365-0     -2.035448
FOURIER_S365-1     -2.993855
FOURIER_C365-1     -1.318826
ar.L1               0.546392
ar.L2               1.073962
ar.L3              -0.527831
ar.L4              -0.158268
ma.L1              -0.072213
ma.L2              -0.908381
ar.S.L7            -0.515703
ar.S.L14           -0.332910
sigma2            173.894232
dtype: float64}",349924,A
7,7,7,0.537,0.268,"{'pvalues': intercept          8.611886e-01
FOURIER_S365-0     6.853313e-01
FOURIER_C365-0     8.119078e-01
FOURIER_S365-1     4.832756e-01
FOURIER_C365-1     7.817832e-01
ar.L1              1.736208e-34
ar.L2              4.752482e-02
ar.L3              1.177772e-09
ar.L4              2.641151e-43
ar.L5              4.861575e-10
ma.L1              3.942156e-07
ma.L2              8.815221e-01
ma.L3              2.073837e-17
ar.S.L7           5.328466e-105
ar.S.L14           1.174580e-58
sigma2             0.000000e+00
dtype: float64, 'resid': date
2017-08-23     3.811032
2017-08-24     3.347342
2017-08-25    11.510330
2017-08-26     7.983342
2017-08-27    21.730674
                ...    
2021-01-13    14.532394
2021-01-14   -11.281695
2021-01-15     3.346029
2021-01-16    11.269431
2021-01-17    16.350713
Length: 1244, dtype: float64, 'order': (5, 0, 3), 'seasonal_order': (2, 1, 0, 7), 'oob': nan, 'aic': 9995.459444927044, 'aicc': 9995.902802710256, 'bic': 10077.386554885325, 'bse': intercept         0.782307
FOURIER_S365-0    9.296206
FOURIER_C365-0    8.222524
FOURIER_S365-1    4.376669
FOURIER_C365-1    5.269135
ar.L1             0.086451
ar.L2             0.139947
ar.L3             0.129432
ar.L4             0.047344
ar.L5             0.027258
ma.L1             0.087167
ma.L2             0.103506
ma.L3             0.088082
ar.S.L7           0.024041
ar.S.L14          0.017866
sigma2            2.814276
dtype: float64, 'params': intercept           0.136795
FOURIER_S365-0      3.766813
FOURIER_C365-0     -1.956677
FOURIER_S365-1     -3.068237
FOURIER_C365-1     -1.459529
ar.L1               1.058795
ar.L2              -0.277318
ar.L3              -0.787365
ar.L4               0.653228
ar.L5              -0.169640
ma.L1              -0.442089
ma.L2               0.015427
ma.L3               0.747776
ar.S.L7            -0.523183
ar.S.L14           -0.288491
sigma2            191.144886
dtype: float64}",349952,B
8,9,12,0.519,0.371,"{'pvalues': intercept          7.959257e-01
FOURIER_S365-0     1.368744e-02
FOURIER_C365-0     3.090620e-01
FOURIER_S365-1     4.703380e-02
FOURIER_C365-1     3.557887e-01
ar.L1              0.000000e+00
ar.L2              4.777649e-28
ar.L3              5.980273e-08
ar.L4              2.613205e-09
ar.L5              1.527777e-06
ma.L1              0.000000e+00
ar.S.L7           4.081482e-280
ar.S.L14          2.762819e-103
sigma2             0.000000e+00
dtype: float64, 'resid': date
2017-08-17    19.593521
2017-08-18    18.461980
2017-08-19    12.101934
2017-08-20     3.457023
2017-08-21     3.504941
                ...    
2021-01-13    27.370040
2021-01-14    -3.129837
2021-01-15   -16.561417
2021-01-16    18.664470
2021-01-17   -13.354910
Length: 1250, dtype: float64, 'order': (5, 0, 1), 'seasonal_order': (2, 1, 0, 7), 'oob': nan, 'aic': 10404.220529728667, 'aicc': 10404.560610700328, 'bic': 10475.974493009817, 'bse': intercept         0.008736
FOURIER_S365-0    1.763849
FOURIER_C365-0    1.991347
FOURIER_S365-1    1.903124
FOURIER_C365-1    1.377115
ar.L1             0.021163
ar.L2             0.042755
ar.L3             0.050097
ar.L4             0.046749
ar.L5             0.029830
ma.L1             0.009601
ar.S.L7           0.015694
ar.S.L14          0.013231
sigma2            3.818389
dtype: float64, 'params': intercept           0.002259
FOURIER_S365-0      4.348529
FOURIER_C365-0     -2.025582
FOURIER_S365-1     -3.779595
FOURIER_C365-1     -1.271655
ar.L1               1.565910
ar.L2              -0.469441
ar.L3              -0.271496
ar.L4               0.278356
ar.L5              -0.143408
ma.L1              -0.986708
ar.S.L7            -0.561280
ar.S.L14           -0.285537
sigma2            232.513924
dtype: float64}",349958,A
9,6,5,0.586,0.358,"{'pvalues': FOURIER_S365-0     5.684666e-01
FOURIER_C365-0     8.830995e-01
FOURIER_S365-1     3.671747e-01
FOURIER_C365-1     6.703526e-01
ar.L1             9.575927e-251
ar.L2              1.524447e-01
ar.L3              1.843044e-08
ar.L4              4.185522e-05
ar.S.L7            0.000000e+00
ar.S.L14          1.120491e-140
sigma2             0.000000e+00
dtype: float64, 'resid': date
2017-08-18    10.568527
2017-08-19     8.804292
2017-08-20     2.493266
2017-08-21     2.504784
2017-08-22     2.513496
                ...    
2021-01-13    -3.161855
2021-01-14     1.741106
2021-01-15    -7.534848
2021-01-16     4.538628
2021-01-17    10.786705
Length: 1249, dtype: float64, 'order': (4, 0, 0), 'seasonal_order': (2, 1, 0, 7), 'oob': nan, 'aic': 9336.240186469364, 'aicc': 9336.453606032825, 'bic': 9392.609447356792, 'bse': FOURIER_S365-0    7.660875
FOURIER_C365-0    5.808946
FOURIER_S365-1    3.030527
FOURIER_C365-1    3.746128
ar.L1             0.019032
ar.L2             0.022360
ar.L3             0.022515
ar.L4             0.027875
ar.S.L7           0.011174
ar.S.L14          0.011762
sigma2            1.275393
dtype: float64, 'params': FOURIER_S365-0      4.369084
FOURIER_C365-0     -0.854155
FOURIER_S365-1     -2.732863
FOURIER_C365-1     -1.594592
ar.L1               0.643685
ar.L2               0.031996
ar.L3              -0.126674
ar.L4               0.114202
ar.S.L7            -0.579215
ar.S.L14           -0.297005
sigma2            105.514682
dtype: float64}",349962,C
10,8,12,0.547,0.403,"{'pvalues': FOURIER_S365-0     1.135111e-01
FOURIER_C365-0     4.198885e-01
FOURIER_S365-1     1.142546e-01
FOURIER_C365-1     2.312067e-01
ar.L1              2.365873e-71
ar.L2              1.400651e-53
ar.L3             4.226950e-125
ma.L1              9.708758e-02
ma.L2              4.208593e-77
ar.S.L7            0.000000e+00
ar.S.L14           4.521902e-91
sigma2             0.000000e+00
dtype: float64, 'resid': date
2017-08-25    15.272907
2017-08-26    12.964009
2017-08-27    10.008489
2017-08-28    10.229579
2017-08-29     6.095681
                ...    
2021-01-13    13.343115
2021-01-14     0.869244
2021-01-15     9.721402
2021-01-16     3.664982
2021-01-17     4.543579
Length: 1242, dtype: float64, 'order': (3, 0, 2), 'seasonal_order': (2, 1, 0, 7), 'oob': nan, 'aic': 10128.658019445455, 'aicc': 10128.911884376294, 'bic': 10190.0839344342, 'bse': FOURIER_S365-0    3.236260
FOURIER_C365-0    3.138729
FOURIER_S365-1    2.311175
FOURIER_C365-1    1.972575
ar.L1             0.039321
ar.L2             0.057168
ar.L3             0.027245
ma.L1             0.045596
ma.L2             0.047014
ar.S.L7           0.011519
ar.S.L14          0.013601
sigma2            2.437662
dtype: float64, 'params': FOURIER_S365-0      5.121728
FOURIER_C365-0     -2.531745
FOURIER_S365-1     -3.650167
FOURIER_C365-1     -2.361678
ar.L1               0.702323
ar.L2               0.880966
ar.L3              -0.648172
ma.L1              -0.075651
ma.L2              -0.873777
ar.S.L7            -0.495405
ar.S.L14           -0.275262
sigma2            201.804906
dtype: float64}",349972,B
11,6,4,0.532,0.404,"{'pvalues': FOURIER_S365-0     5.560938e-01
FOURIER_C365-0     7.974962e-01
FOURIER_S365-1     4.724398e-01
FOURIER_C365-1     9.328825e-01
ar.L1              4.767011e-33
ar.L2             6.179022e-176
ma.L1             5.300613e-222
ar.S.L7           6.046017e-307
ar.S.L14          2.282165e-166
sigma2             0.000000e+00
dtype: float64, 'resid': date
2017-08-17    13.291070
2017-08-18     5.047407
2017-08-19     1.362536
2017-08-20     1.360935
2017-08-21     1.358336
                ...    
2021-01-13    -1.344145
2021-01-14    -4.120637
2021-01-15    27.340836
2021-01-16    -5.936125
2021-01-17     2.846165
Length: 1250, dtype: float64, 'order': (2, 0, 1), 'seasonal_order': (2, 1, 0, 7), 'oob': nan, 'aic': 9053.240662718457, 'aicc': 9053.4182252689, 'bic': 9104.493493633565, 'bse': FOURIER_S365-0    4.902005
FOURIER_C365-0    4.372814
FOURIER_S365-1    2.021000
FOURIER_C365-1    2.895452
ar.L1             0.030871
ar.L2             0.020738
ma.L1             0.029673
ar.S.L7           0.015435
ar.S.L14          0.012525
sigma2            1.098019
dtype: float64, 'params': FOURIER_S365-0     2.885582
FOURIER_C365-0    -1.122015
FOURIER_S365-1    -1.452119
FOURIER_C365-1    -0.243852
ar.L1             -0.369699
ar.L2              0.586455
ma.L1              0.943782
ar.S.L7           -0.578026
ar.S.L14          -0.344309
sigma2            83.658820
dtype: float64}",349978,C
12,9,13,0.522,0.398,"{'pvalues': FOURIER_S365-0     6.011446e-01
FOURIER_C365-0     7.456250e-01
FOURIER_S365-1     4.139562e-01
FOURIER_C365-1     8.173263e-01
ar.L1              3.736843e-81
ar.L2              2.383868e-04
ar.L3              3.746240e-15
ar.L4              1.575178e-06
ar.S.L7            0.000000e+00
ar.S.L14          8.526073e-149
sigma2             0.000000e+00
dtype: float64, 'resid': date
2017-08-18    10.877161
2017-08-19     4.808491
2017-08-20     4.824151
2017-08-21     4.837549
2017-08-22     4.846948
                ...    
2021-01-13     7.814976
2021-01-14   -19.954233
2021-01-15    14.213020
2021-01-16     6.467381
2021-01-17   -14.449113
Length: 1249, dtype: float64, 'order': (4, 0, 0), 'seasonal_order': (2, 1, 0, 7), 'oob': nan, 'aic': 10503.188794104643, 'aicc': 10503.402213668103, 'bic': 10559.55805499207, 'bse': FOURIER_S365-0    12.327088
FOURIER_C365-0     9.656546
FOURIER_S365-1     4.785536
FOURIER_C365-1     7.092867
ar.L1              0.032877
ar.L2              0.036482
ar.L3              0.028272
ar.L4              0.028979
ar.S.L7            0.011913
ar.S.L14           0.011126
sigma2             3.114534
dtype: float64, 'params': FOURIER_S365-0      6.444049
FOURIER_C365-0     -3.132714
FOURIER_S365-1     -3.909550
FOURIER_C365-1     -1.638347
ar.L1               0.627271
ar.L2               0.134052
ar.L3              -0.222305
ar.L4               0.139144
ar.S.L7            -0.578938
ar.S.L14           -0.289032
sigma2            269.985573
dtype: float64}",349980,A
13,5,6,0.514,0.312,"{'pvalues': FOURIER_S365-0     6.195530e-01
FOURIER_C365-0     8.522366e-01
FOURIER_S365-1     5.649208e-01
FOURIER_C365-1     5.426420e-01
ar.L1             8.293867e-134
ma.L1              3.424138e-08
ar.S.L7           9.553875e-296
ar.S.L14          3.765979e-145
sigma2             0.000000e+00
dtype: float64, 'resid': date
2017-09-01    6.796837
2017-09-02    6.242796
2017-09-03    2.384204
2017-09-04    2.378298
2017-09-05    2.370158
                ...   
2021-01-13    5.815494
2021-01-14   -6.938229
2021-01-15    4.545296
2021-01-16    1.201268
2021-01-17    1.867643
Length: 1235, dtype: float64, 'order': (1, 0, 1), 'seasonal_order': (2, 1, 0, 7), 'oob': nan, 'aic': 8720.398147004256, 'aicc': 8720.545085779766, 'bic': 8766.41642598262, 'bse': FOURIER_S365-0    5.413951
FOURIER_C365-0    4.443888
FOURIER_S365-1    2.413969
FOURIER_C365-1    2.565882
ar.L1             0.030056
ma.L1             0.044994
ar.S.L7           0.015755
ar.S.L14          0.012534
sigma2            0.936601
dtype: float64, 'params': FOURIER_S365-0     2.687939
FOURIER_C365-0    -0.827743
FOURIER_S365-1    -1.389355
FOURIER_C365-1    -1.562167
ar.L1              0.739892
ma.L1             -0.248287
ar.S.L7           -0.579093
ar.S.L14          -0.321548
sigma2            69.829565
dtype: float64}",349998,B
14,5,7,0.508,0.274,"{'pvalues': FOURIER_S365-0     4.997214e-01
FOURIER_C365-0     5.609603e-01
FOURIER_S365-1     2.213267e-01
FOURIER_C365-1     6.572772e-01
ar.L1              2.324152e-10
ar.L2             1.169489e-119
ar.L3              9.189511e-06
ma.L1              2.049149e-60
ar.S.L7           5.838533e-177
ar.S.L14           1.909116e-66
sigma2             0.000000e+00
dtype: float64, 'resid': date
2017-08-17     2.667941
2017-08-18     1.525947
2017-08-19     5.196882
2017-08-20     1.593125
2017-08-21     1.627306
                ...    
2021-01-13     2.202815
2021-01-14    -2.463341
2021-01-15     8.896483
2021-01-16    -2.499737
2021-01-17    13.433820
Length: 1250, dtype: float64, 'order': (3, 0, 1), 'seasonal_order': (2, 1, 0, 7), 'oob': nan, 'aic': 8522.696673159984, 'aicc': 8522.909920332844, 'bic': 8579.074787166603, 'bse': FOURIER_S365-0    4.841349
FOURIER_C365-0    4.480193
FOURIER_S365-1    2.106294
FOURIER_C365-1    2.579832
ar.L1             0.063455
ar.L2             0.028873
ar.L3             0.030931
ma.L1             0.056544
ar.S.L7           0.021410
ar.S.L14          0.019749
sigma2            1.087298
dtype: float64, 'params': FOURIER_S365-0     3.267563
FOURIER_C365-0    -2.604855
FOURIER_S365-1    -2.576014
FOURIER_C365-1     1.144608
ar.L1             -0.402191
ar.L2              0.671539
ar.L3              0.137190
ma.L1              0.927092
ar.S.L7           -0.607237
ar.S.L14          -0.340060
sigma2            54.485841
dtype: float64}",350016,B
15,10,15,0.442,0.229,"{'pvalues': FOURIER_S365-0    9.542168e-02
FOURIER_C365-0    2.749518e-01
FOURIER_S365-1    1.529587e-01
FOURIER_C365-1    4.636334e-01
ar.L1             7.131155e-85
ar.L2             7.312869e-17
ar.L3             8.843326e-03
ar.L4             1.276491e-11
ma.L1             2.867273e-41
ma.L2             1.423685e-10
ma.S.L7           0.000000e+00
sigma2            0.000000e+00
dtype: float64, 'resid': date
2017-08-17    21.942981
2017-08-18    19.514832
2017-08-19    13.785743
2017-08-20     7.276529
2017-08-21     7.344641
                ...    
2021-01-13    10.039916
2021-01-14    15.583105
2021-01-15   -19.174123
2021-01-16    30.432198
2021-01-17    48.586781
Length: 1250, dtype: float64, 'order': (4, 0, 2), 'seasonal_order': (0, 1, 1, 7), 'oob': nan, 'aic': 10939.50702000173, 'aicc': 10939.759243122184, 'bic': 11001.01041709986, 'bse': FOURIER_S365-0    3.945647
FOURIER_C365-0    4.310164
FOURIER_S365-1    4.050269
FOURIER_C365-1    3.102632
ar.L1             0.089204
ar.L2             0.146536
ar.L3             0.071027
ar.L4             0.023739
ma.L1             0.089762
ma.L2             0.099702
ma.S.L7           0.011902
sigma2            4.872218
dtype: float64, 'params': FOURIER_S365-0      6.579234
FOURIER_C365-0     -4.705536
FOURIER_S365-1     -5.788476
FOURIER_C365-1     -2.273848
ar.L1               1.741441
ar.L2              -1.222385
ar.L3               0.185953
ar.L4               0.160744
ma.L1              -1.207769
ma.L2               0.639425
ma.S.L7            -0.924304
sigma2            375.292107
dtype: float64}",350018,A
16,4,6,0.5429999999999999,0.528,"{'pvalues': FOURIER_S365-0     6.981628e-01
FOURIER_C365-0     6.016056e-01
FOURIER_S365-1     3.903478e-01
FOURIER_C365-1     9.730159e-01
ar.L1             8.474268e-109
ar.L2              1.325578e-16
ar.S.L7           1.120773e-243
ar.S.L14           1.995435e-61
sigma2             0.000000e+00
dtype: float64, 'resid': date
2017-08-18    4.183681
2017-08-19    4.040687
2017-08-20    1.581749
2017-08-21    1.599053
2017-08-22    1.615705
                ...   
2021-01-13   -1.015659
2021-01-14   -0.213955
2021-01-15   -1.904551
2021-01-16   -0.854270
2021-01-17   -0.631286
Length: 1249, dtype: float64, 'order': (2, 0, 0), 'seasonal_order': (2, 1, 0, 7), 'oob': nan, 'aic': 7999.447017113238, 'aicc': 7999.5922955636015, 'bic': 8045.567321475679, 'bse': FOURIER_S365-0    3.007364
FOURIER_C365-0    2.815639
FOURIER_S365-1    1.331060
FOURIER_C365-1    1.672923
ar.L1             0.019949
ar.L2             0.021770
ar.S.L7           0.018786
ar.S.L14          0.018216
sigma2            0.602972
dtype: float64, 'params': FOURIER_S365-0     1.166261
FOURIER_C365-0    -1.470025
FOURIER_S365-1    -1.143363
FOURIER_C365-1    -0.056588
ar.L1              0.442054
ar.L2              0.180066
ar.S.L7           -0.626270
ar.S.L14          -0.301239
sigma2            36.074291
dtype: float64}",350026,B
17,4,4,0.524,0.361,"{'pvalues': FOURIER_S365-0     6.536364e-01
FOURIER_C365-0     6.110971e-01
FOURIER_S365-1     3.976800e-01
FOURIER_C365-1     8.366990e-01
ar.L1             1.757806e-114
ar.L2              2.550265e-16
ar.S.L7           5.836897e-226
ar.S.L14           2.701856e-92
sigma2             0.000000e+00
dtype: float64, 'resid': date
2017-08-18     7.195717
2017-08-19    10.729051
2017-08-20     1.133212
2017-08-21     1.148173
2017-08-22     1.162982
                ...    
2021-01-13     0.402753
2021-01-14    -6.862641
2021-01-15     3.872052
2021-01-16     6.105285
2021-01-17     4.665154
Length: 1249, dtype: float64, 'order': (2, 0, 0), 'seasonal_order': (2, 1, 0, 7), 'oob': nan, 'aic': 8279.07672371202, 'aicc': 8279.222002162383, 'bic': 8325.19702807446, 'bse': FOURIER_S365-0    3.379311
FOURIER_C365-0    2.873377
FOURIER_S365-1    1.412051
FOURIER_C365-1    1.805469
ar.L1             0.018620
ar.L2             0.021110
ar.S.L7           0.018677
ar.S.L14          0.016353
sigma2            0.696398
dtype: float64, 'params': FOURIER_S365-0     1.516351
FOURIER_C365-0    -1.461135
FOURIER_S365-1    -1.194273
FOURIER_C365-1     0.372139
ar.L1              0.423433
ar.L2              0.172953
ar.S.L7           -0.599381
ar.S.L14          -0.333214
sigma2            45.183456
dtype: float64}",350028,C
18,7,4,0.531,0.273,"{'pvalues': FOURIER_S365-0     2.446892e-04
FOURIER_C365-0     9.269221e-01
FOURIER_S365-1     3.757519e-02
FOURIER_C365-1     7.883623e-07
ma.L1             5.882849e-171
ma.S.L7            0.000000e+00
sigma2             0.000000e+00
dtype: float64, 'resid': date
2017-09-05    11.340408
2017-09-06     8.452430
2017-09-07     6.497014
2017-09-08    10.697835
2017-09-09    11.746700
                ...    
2021-01-13    17.928149
2021-01-14    -3.950549
2021-01-15     8.004954
2021-01-16     7.852171
2021-01-17    15.339017
Length: 1231, dtype: float64, 'order': (0, 0, 1), 'seasonal_order': (0, 1, 1, 7), 'oob': nan, 'aic': 9399.906290197512, 'aicc': 9399.997868284185, 'bic': 9435.675446439018, 'bse': FOURIER_S365-0    0.850417
FOURIER_C365-0    0.950886
FOURIER_S365-1    0.852946
FOURIER_C365-1    0.759558
ma.L1             0.015489
ma.S.L7           0.011583
sigma2            1.869708
dtype: float64, 'params': FOURIER_S365-0      3.119120
FOURIER_C365-0     -0.087213
FOURIER_S365-1     -1.773665
FOURIER_C365-1     -3.750870
ma.L1               0.431695
ma.S.L7            -0.922819
sigma2            123.866994
dtype: float64}",350040,A
19,4,2,0.594,0.217,"{'pvalues': FOURIER_S365-0     8.646861e-01
FOURIER_C365-0     6.002474e-01
FOURIER_S365-1     8.158793e-01
FOURIER_C365-1     4.896197e-01
ar.L1              6.461704e-94
ma.L1              3.614848e-13
ar.S.L7           3.972080e-215
ar.S.L14           4.430137e-80
sigma2             0.000000e+00
dtype: float64, 'resid': date
2017-09-06     7.642023
2017-09-07     7.691979
2017-09-08     5.238114
2017-09-09     9.995232
2017-09-10     5.247461
                ...    
2021-01-13     1.584628
2021-01-14    11.225923
2021-01-15    -0.720752
2021-01-16     8.934017
2021-01-17    -4.422726
Length: 1230, dtype: float64, 'order': (1, 0, 1), 'seasonal_order': (2, 1, 0, 7), 'oob': nan, 'aic': 8025.59368838973, 'aicc': 8025.741229373337, 'bic': 8071.575247610915, 'bse': FOURIER_S365-0    3.255578
FOURIER_C365-0    2.611624
FOURIER_S365-1    1.486644
FOURIER_C365-1    1.505570
ar.L1             0.034720
ma.L1             0.042755
ar.S.L7           0.019069
ar.S.L14          0.016820
sigma2            0.714331
dtype: float64, 'params': FOURIER_S365-0     0.554790
FOURIER_C365-0    -1.368608
FOURIER_S365-1    -0.346162
FOURIER_C365-1    -1.040219
ar.L1              0.713797
ma.L1             -0.310795
ar.S.L7           -0.596958
ar.S.L14          -0.318736
sigma2            40.729615
dtype: float64}",350046,C
20,6,8,0.518,0.28300000000000003,"{'pvalues': FOURIER_S365-0     6.520359e-01
FOURIER_C365-0     9.672042e-01
FOURIER_S365-1     3.397810e-01
FOURIER_C365-1     8.191119e-01
ar.L1             7.163228e-302
ar.L2              2.019730e-06
ar.L3              4.099968e-04
ar.S.L7            0.000000e+00
ar.S.L14           9.123004e-96
sigma2             0.000000e+00
dtype: float64, 'resid': date
2017-09-07     1.082139
2017-09-08     1.146009
2017-09-09     1.208687
2017-09-10     1.270041
2017-09-11     1.329947
                ...    
2021-01-13     4.641934
2021-01-14    10.365203
2021-01-15   -11.809555
2021-01-16     2.022512
2021-01-17     6.996080
Length: 1229, dtype: float64, 'order': (3, 0, 0), 'seasonal_order': (2, 1, 0, 7), 'oob': nan, 'aic': 9032.673302574443, 'aicc': 9032.85392654817, 'bic': 9083.755743971758, 'bse': FOURIER_S365-0    7.432329
FOURIER_C365-0    6.384086
FOURIER_S365-1    3.753066
FOURIER_C365-1    3.299515
ar.L1             0.015178
ar.L2             0.021059
ar.L3             0.015765
ar.S.L7           0.015943
ar.S.L14          0.014775
sigma2            1.486357
dtype: float64, 'params': FOURIER_S365-0     3.351502
FOURIER_C365-0    -0.262481
FOURIER_S365-1    -3.582669
FOURIER_C365-1    -0.754557
ar.L1              0.563675
ar.L2              0.100062
ar.L3              0.055708
ar.S.L7           -0.614254
ar.S.L14          -0.306793
sigma2            93.184999
dtype: float64}",350054,B
21,3,4,0.64,0.386,"{'pvalues': FOURIER_S365-0     6.882272e-01
FOURIER_C365-0     7.550850e-01
FOURIER_S365-1     1.904711e-01
FOURIER_C365-1     9.519515e-01
ar.L1             2.108897e-169
ma.L1              2.044145e-19
ar.S.L7           2.460038e-298
ar.S.L14           5.208173e-76
sigma2             0.000000e+00
dtype: float64, 'resid': date
2017-08-25    6.053537
2017-08-26    8.240765
2017-08-27    9.184255
2017-08-28    5.229138
2017-08-29    5.914112
                ...   
2021-01-13   -2.529394
2021-01-14    5.680635
2021-01-15    3.169539
2021-01-16   -5.026208
2021-01-17    0.845063
Length: 1242, dtype: float64, 'order': (1, 0, 1), 'seasonal_order': (2, 1, 0, 7), 'oob': nan, 'aic': 7358.747694963433, 'aicc': 7358.893798859537, 'bic': 7404.817131204992, 'bse': FOURIER_S365-0    2.206379
FOURIER_C365-0    2.133423
FOURIER_S365-1    1.077092
FOURIER_C365-1    1.179936
ar.L1             0.026695
ma.L1             0.035699
ar.S.L7           0.019486
ar.S.L14          0.018062
sigma2            0.378965
dtype: float64, 'params': FOURIER_S365-0     0.885336
FOURIER_C365-0    -0.665503
FOURIER_S365-1    -1.410115
FOURIER_C365-1    -0.071098
ar.L1              0.740606
ma.L1             -0.321679
ar.S.L7           -0.719367
ar.S.L14          -0.333242
sigma2            22.256643
dtype: float64}",350056,C
22,7,6,0.439,0.214,"{'pvalues': FOURIER_S365-0     5.428573e-01
FOURIER_C365-0     6.582170e-01
FOURIER_S365-1     3.262062e-01
FOURIER_C365-1     9.158368e-01
ar.L1             4.439833e-138
ma.L1              9.287667e-04
ar.S.L7           4.953583e-189
ar.S.L14          5.748118e-127
sigma2             0.000000e+00
dtype: float64, 'resid': date
2017-08-18     6.942540
2017-08-19     6.140134
2017-08-20     3.196418
2017-08-21     3.217297
2017-08-22     3.236596
                ...    
2021-01-13    -5.928442
2021-01-14    -2.236469
2021-01-15    18.134678
2021-01-16    -0.765463
2021-01-17    -4.474112
Length: 1249, dtype: float64, 'order': (1, 0, 1), 'seasonal_order': (2, 1, 0, 7), 'oob': nan, 'aic': 9461.630414760286, 'aicc': 9461.77569321065, 'bic': 9507.750719122727, 'bse': FOURIER_S365-0    6.571366
FOURIER_C365-0    6.192145
FOURIER_S365-1    2.798508
FOURIER_C365-1    3.668077
ar.L1             0.028237
ma.L1             0.039801
ar.S.L7           0.019974
ar.S.L14          0.013637
sigma2            1.729369
dtype: float64, 'params': FOURIER_S365-0      3.998663
FOURIER_C365-0     -2.739258
FOURIER_S365-1     -2.747530
FOURIER_C365-1     -0.387640
ar.L1               0.706279
ma.L1              -0.131793
ar.S.L7            -0.585727
ar.S.L14           -0.326878
sigma2            117.081679
dtype: float64}",350060,A
23,3,4,0.6709999999999999,0.531,"{'pvalues': FOURIER_S365-0     6.048848e-01
FOURIER_C365-0     8.126156e-01
FOURIER_S365-1     4.856875e-01
FOURIER_C365-1     7.574845e-01
ar.L1              3.711824e-67
ar.L2              1.628163e-06
ar.L3              5.042086e-01
ar.L4              7.068602e-03
ar.S.L7            0.000000e+00
ar.S.L14          2.519501e-130
sigma2             0.000000e+00
dtype: float64, 'resid': date
2017-09-07    1.494630
2017-09-08    0.876183
2017-09-09    0.883117
2017-09-10    0.889400
2017-09-11    0.894997
                ...   
2021-01-13    5.756864
2021-01-14   -3.804750
2021-01-15    1.700800
2021-01-16    1.689318
2021-01-17    1.686257
Length: 1229, dtype: float64, 'order': (4, 0, 0), 'seasonal_order': (2, 1, 0, 7), 'oob': nan, 'aic': 7602.249619068323, 'aicc': 7602.466545937674, 'bic': 7658.44030460537, 'bse': FOURIER_S365-0    2.395791
FOURIER_C365-0    2.123816
FOURIER_S365-1    1.241597
FOURIER_C365-1    1.156191
ar.L1             0.018868
ar.L2             0.022684
ar.L3             0.033980
ar.L4             0.034665
ar.S.L7           0.016255
ar.S.L14          0.013510
sigma2            0.374987
dtype: float64, 'params': FOURIER_S365-0     1.239555
FOURIER_C365-0    -0.503457
FOURIER_S365-1    -0.865622
FOURIER_C365-1    -0.357015
ar.L1              0.326677
ar.L2              0.108766
ar.L3              0.022695
ar.L4              0.093373
ar.S.L7           -0.633601
ar.S.L14          -0.328161
sigma2            28.858303
dtype: float64}",354468,C
24,4,4,0.524,0.395,"{'pvalues': FOURIER_S365-0     7.848108e-01
FOURIER_C365-0     7.216769e-01
FOURIER_S365-1     5.451084e-01
FOURIER_C365-1     9.304510e-01
ar.L1             2.535230e-107
ar.L2              6.024567e-02
ar.L3              2.701017e-06
ar.S.L7            0.000000e+00
ar.S.L14          7.264921e-132
sigma2             0.000000e+00
dtype: float64, 'resid': date
2017-11-16    40.806275
2017-11-17    25.790597
2017-11-18     7.870846
2017-11-19    21.197832
2017-11-20     6.399310
                ...    
2021-01-13     7.728180
2021-01-14     2.197964
2021-01-15    -5.904977
2021-01-16     1.354321
2021-01-17     1.882362
Length: 1159, dtype: float64, 'order': (3, 0, 0), 'seasonal_order': (2, 1, 0, 7), 'oob': nan, 'aic': 7679.206809976007, 'aicc': 7679.398447606669, 'bic': 7729.699358388566, 'bse': FOURIER_S365-0    3.432598
FOURIER_C365-0    4.145887
FOURIER_S365-1    1.652806
FOURIER_C365-1    2.221551
ar.L1             0.021070
ar.L2             0.021507
ar.L3             0.024193
ar.S.L7           0.015535
ar.S.L14          0.012228
sigma2            0.618562
dtype: float64, 'params': FOURIER_S365-0     0.937289
FOURIER_C365-0     1.476842
FOURIER_S365-1     1.000124
FOURIER_C365-1     0.193891
ar.L1              0.463672
ar.L2              0.040412
ar.L3              0.113521
ar.S.L7           -0.633823
ar.S.L14          -0.298800
sigma2            45.048774
dtype: float64}",387240,C
25,3,4,0.599,0.381,"{'pvalues': FOURIER_S365-0     9.632525e-01
FOURIER_C365-0     6.417620e-01
FOURIER_S365-1     8.940546e-01
FOURIER_C365-1     3.659738e-01
ar.L1              9.365854e-66
ar.L2              1.022779e-20
ar.S.L7           3.829895e-228
ar.S.L14           4.414989e-54
sigma2             0.000000e+00
dtype: float64, 'resid': date
2017-12-23    40.144701
2017-12-24    22.850732
2017-12-25     3.375618
2017-12-26     6.500109
2017-12-27     9.874497
                ...    
2021-01-13    -0.498623
2021-01-14    -7.272545
2021-01-15     4.025778
2021-01-16    -6.671903
2021-01-17     2.875681
Length: 1122, dtype: float64, 'order': (2, 0, 0), 'seasonal_order': (2, 1, 0, 7), 'oob': nan, 'aic': 6779.687721799728, 'aicc': 6779.849592303325, 'bic': 6824.837208954776, 'bse': FOURIER_S365-0    2.611898
FOURIER_C365-0    2.883304
FOURIER_S365-1    1.596692
FOURIER_C365-1    1.190448
ar.L1             0.024771
ar.L2             0.023153
ar.S.L7           0.021168
ar.S.L14          0.019251
sigma2            0.503197
dtype: float64, 'params': FOURIER_S365-0     0.120337
FOURIER_C365-0     1.341419
FOURIER_S365-1     0.212640
FOURIER_C365-1     1.076214
ar.L1              0.424249
ar.L2              0.216100
ar.S.L7           -0.682615
ar.S.L14          -0.298099
sigma2            25.102553
dtype: float64}",412585,C
26,5,4,0.562,0.312,"{'pvalues': FOURIER_S365-0     4.993645e-01
FOURIER_C365-0     9.960923e-01
FOURIER_S365-1     6.178407e-01
FOURIER_C365-1     6.285476e-01
ar.L1              4.350844e-60
ar.L2              1.361264e-14
ar.S.L7           3.200076e-230
ar.S.L14          1.096576e-150
sigma2             0.000000e+00
dtype: float64, 'resid': date
2018-03-03     1.145398
2018-03-04    58.513857
2018-03-05    25.133403
2018-03-06    22.445913
2018-03-07    26.721876
                ...    
2021-01-13    -6.884700
2021-01-14     9.489515
2021-01-15    -2.086808
2021-01-16    -4.327357
2021-01-17    -1.229161
Length: 1052, dtype: float64, 'order': (2, 0, 0), 'seasonal_order': (2, 1, 0, 7), 'oob': nan, 'aic': 7176.341196086131, 'aicc': 7176.51394080782, 'bic': 7220.907145565721, 'bse': FOURIER_S365-0    4.512892
FOURIER_C365-0    3.827194
FOURIER_S365-1    2.003687
FOURIER_C365-1    2.228224
ar.L1             0.025261
ar.L2             0.023204
ar.S.L7           0.017220
ar.S.L14          0.012479
sigma2            0.811580
dtype: float64, 'params': FOURIER_S365-0    -3.048413
FOURIER_C365-0     0.018744
FOURIER_S365-1    -0.999665
FOURIER_C365-1    -1.077953
ar.L1              0.413013
ar.L2              0.178672
ar.S.L7           -0.557836
ar.S.L14          -0.326280
sigma2            55.109823
dtype: float64}",441997,C
27,7,13,0.539,0.4920000000000001,"{'pvalues': FOURIER_S365-0     6.057636e-01
FOURIER_C365-0     8.914253e-01
FOURIER_S365-1     9.692143e-01
FOURIER_C365-1     4.713087e-01
ar.L1             3.213436e-142
ar.L2              4.441739e-06
ar.L3              5.960090e-05
ar.L4              2.257827e-02
ar.S.L7            0.000000e+00
ar.S.L14          6.283305e-170
sigma2             0.000000e+00
dtype: float64, 'resid': date
2018-03-26    4.081016
2018-03-27    4.167936
2018-03-28    4.251425
2018-03-29    4.331492
2018-03-30    4.407937
                ...   
2021-01-13    3.313038
2021-01-14    5.714128
2021-01-15   -8.979218
2021-01-16    6.323888
2021-01-17   -2.242189
Length: 1029, dtype: float64, 'order': (4, 0, 0), 'seasonal_order': (2, 1, 0, 7), 'oob': nan, 'aic': 8056.268770801937, 'aicc': 8056.528357822585, 'bic': 8110.493455280337, 'bse': FOURIER_S365-0    9.672480
FOURIER_C365-0    9.188143
FOURIER_S365-1    5.453770
FOURIER_C365-1    3.797474
ar.L1             0.022692
ar.L2             0.027240
ar.L3             0.030881
ar.L4             0.034535
ar.S.L7           0.014168
ar.S.L14          0.011234
sigma2            1.814469
dtype: float64, 'params': FOURIER_S365-0     -4.992257
FOURIER_C365-0     -1.254190
FOURIER_S365-1     -0.210481
FOURIER_C365-1     -2.735516
ar.L1               0.576169
ar.L2               0.125021
ar.L3              -0.123968
ar.L4               0.078756
ar.S.L7            -0.540400
ar.S.L14           -0.312169
sigma2            151.462487
dtype: float64}",452387,B
28,5,6,0.5589999999999999,0.417,"{'pvalues': FOURIER_S365-0     4.024541e-01
FOURIER_C365-0     8.599723e-01
FOURIER_S365-1     9.363921e-01
FOURIER_C365-1     9.876698e-01
ar.L1              4.066355e-17
ar.L2              4.499816e-01
ar.L3              4.627556e-24
ar.L4              7.024220e-35
ma.L1              1.263037e-04
ma.L2              3.159782e-01
ma.L3              1.916065e-30
ar.S.L7           1.209565e-219
ar.S.L14           4.069539e-71
sigma2             0.000000e+00
dtype: float64, 'resid': date
2018-05-10      1.298776
2018-05-11    135.261029
2018-05-12     55.292817
2018-05-13     46.987293
2018-05-14     24.178751
                 ...    
2021-01-13      1.513731
2021-01-14     -0.047120
2021-01-15      0.286197
2021-01-16     -3.071674
2021-01-17      2.257050
Length: 984, dtype: float64, 'order': (4, 0, 3), 'seasonal_order': (2, 1, 0, 7), 'oob': nan, 'aic': 7161.125864246728, 'aicc': 7161.559300779236, 'bic': 7229.508677375327, 'bse': FOURIER_S365-0    6.163227
FOURIER_C365-0    6.567970
FOURIER_S365-1    2.360497
FOURIER_C365-1    3.756068
ar.L1             0.084704
ar.L2             0.114040
ar.L3             0.084549
ar.L4             0.033808
ma.L1             0.086441
ma.L2             0.099916
ma.L3             0.071752
ar.S.L7           0.016900
ar.S.L14          0.016179
sigma2            1.325748
dtype: float64, 'params': FOURIER_S365-0    -5.160139
FOURIER_C365-0    -1.158652
FOURIER_S365-1     0.188380
FOURIER_C365-1    -0.058047
ar.L1              0.712445
ar.L2              0.086151
ar.L3             -0.855413
ar.L4              0.416533
ma.L1             -0.331377
ma.L2             -0.100192
ma.L3              0.822837
ar.S.L7           -0.534630
ar.S.L14          -0.288487
sigma2            88.964563
dtype: float64}",461349,C
29,4,3,0.6629999999999999,0.468,"{'pvalues': FOURIER_S365-0     4.387182e-01
FOURIER_C365-0     7.643348e-01
FOURIER_S365-1     2.962379e-01
FOURIER_C365-1     9.325641e-01
ar.L1              4.358597e-61
ar.L2              1.026709e-17
ar.S.L7           5.958520e-194
ar.S.L14           1.093865e-90
sigma2             0.000000e+00
dtype: float64, 'resid': date
2018-05-10     1.008473
2018-05-11    46.266229
2018-05-12    20.659175
2018-05-13    18.403432
2018-05-14    12.402606
                ...    
2021-01-13     0.998636
2021-01-14     1.740120
2021-01-15     3.840285
2021-01-16     4.574912
2021-01-17    -1.864176
Length: 984, dtype: float64, 'order': (2, 0, 0), 'seasonal_order': (2, 1, 0, 7), 'oob': nan, 'aic': 5967.1884192727, 'aicc': 5967.373224200832, 'bic': 6011.148799141085, 'bse': FOURIER_S365-0    2.526845
FOURIER_C365-0    2.972769
FOURIER_S365-1    1.224054
FOURIER_C365-1    1.510130
ar.L1             0.024122
ar.L2             0.022113
ar.S.L7           0.019654
ar.S.L14          0.016412
sigma2            0.506944
dtype: float64, 'params': FOURIER_S365-0    -1.956686
FOURIER_C365-0    -0.891216
FOURIER_S365-1     1.278567
FOURIER_C365-1    -0.127786
ar.L1              0.397770
ar.L2              0.189531
ar.S.L7           -0.583903
ar.S.L14          -0.331441
sigma2            25.741693
dtype: float64}",464495,C
30,4,7,0.506,0.438,"{'pvalues': FOURIER_S365-0     1.186190e-01
FOURIER_C365-0     3.580016e-01
FOURIER_S365-1     1.107907e-02
FOURIER_C365-1     2.949370e-01
ar.L1              0.000000e+00
ar.L2             1.314300e-145
ma.L1             1.559883e-228
ma.L2              4.464666e-24
ar.S.L7           8.665843e-190
ar.S.L14           3.228895e-52
sigma2             0.000000e+00
dtype: float64, 'resid': date
2018-05-04     1.236153
2018-05-05    63.648473
2018-05-06    29.755417
2018-05-07    17.965984
2018-05-08     7.391503
                ...    
2021-01-13     3.608129
2021-01-14     4.396621
2021-01-15    -2.175611
2021-01-16     1.166782
2021-01-17    -1.514898
Length: 990, dtype: float64, 'order': (2, 0, 2), 'seasonal_order': (2, 1, 0, 7), 'oob': nan, 'aic': 6382.930379451166, 'aicc': 6383.2003181014725, 'bic': 6436.727079772785, 'bse': FOURIER_S365-0    0.658700
FOURIER_C365-0    0.731020
FOURIER_S365-1    0.644505
FOURIER_C365-1    0.576027
ar.L1             0.030644
ar.L2             0.031025
ma.L1             0.044754
ma.L2             0.044514
ar.S.L7           0.019693
ar.S.L14          0.021940
sigma2            0.839244
dtype: float64, 'params': FOURIER_S365-0    -1.027965
FOURIER_C365-0    -0.671938
FOURIER_S365-1     1.637168
FOURIER_C365-1    -0.603304
ar.L1              1.774563
ar.L2             -0.797200
ma.L1             -1.444455
ma.L2              0.450523
ar.S.L7           -0.578655
ar.S.L14          -0.333612
sigma2            37.651601
dtype: float64}",471477,B
31,4,3,0.636,0.7829999999999999,"{'pvalues': intercept          2.736802e-01
FOURIER_S365-0     3.886842e-01
FOURIER_C365-0     8.264051e-01
FOURIER_S365-1     2.015899e-01
FOURIER_C365-1     4.684565e-01
ar.L1              3.117178e-67
ar.L2              1.513009e-29
ar.L3              2.627924e-03
ma.L1              4.078897e-45
ma.L2              9.730829e-43
ma.L3              4.541305e-05
ma.L4              1.106115e-22
ar.S.L7           1.192358e-272
ar.S.L14           4.580048e-42
sigma2             0.000000e+00
dtype: float64, 'resid': date
2018-05-31      3.369428
2018-06-01    126.107705
2018-06-02     41.219950
2018-06-03     48.930535
2018-06-04     18.390069
                 ...    
2021-01-13      2.147683
2021-01-14     -1.251902
2021-01-15     -1.927985
2021-01-16     -0.475415
2021-01-17     -0.792947
Length: 963, dtype: float64, 'order': (3, 0, 4), 'seasonal_order': (2, 1, 0, 7), 'oob': nan, 'aic': 6169.117279215356, 'aicc': 6169.6241429957145, 'bic': 6242.058647911127, 'bse': intercept         0.321232
FOURIER_S365-0    3.795389
FOURIER_C365-0    3.890926
FOURIER_S365-1    1.846764
FOURIER_C365-1    1.863221
ar.L1             0.074233
ar.L2             0.095627
ar.L3             0.070376
ma.L1             0.070965
ma.L2             0.079689
ma.L3             0.063775
ma.L4             0.038669
ar.S.L7           0.016081
ar.S.L14          0.014676
sigma2            0.879907
dtype: float64, 'params': intercept         -0.351630
FOURIER_S365-0    -3.271648
FOURIER_C365-0    -0.853336
FOURIER_S365-1    -2.358383
FOURIER_C365-1     1.350821
ar.L1              1.285984
ar.L2             -1.079394
ar.L3              0.211706
ma.L1             -1.000254
ma.L2              1.091982
ma.L3             -0.260076
ma.L4              0.379026
ar.S.L7           -0.567334
ar.S.L14          -0.199444
sigma2            35.647796
dtype: float64}",476061,C
32,8,10,0.4970000000000001,0.381,"{'pvalues': intercept          2.932845e-01
FOURIER_S365-0     6.520518e-01
FOURIER_C365-0     8.473402e-01
FOURIER_S365-1     5.916777e-01
FOURIER_C365-1     5.711708e-01
ar.L1             5.929206e-140
ar.L2              1.483421e-03
ar.L3             1.167354e-124
ar.L4             1.094897e-123
ma.L1              7.472191e-18
ma.L2              1.815605e-06
ma.L3             1.383989e-211
ar.S.L7           1.204180e-186
ar.S.L14           1.639107e-57
sigma2             0.000000e+00
dtype: float64, 'resid': date
2018-07-07    170.370729
2018-07-08    104.272675
2018-07-09     63.698766
2018-07-10     75.395072
2018-07-11     61.268011
                 ...    
2021-01-13      4.300792
2021-01-14      1.374861
2021-01-15    -10.642515
2021-01-16      1.822722
2021-01-17     13.231846
Length: 926, dtype: float64, 'order': (4, 0, 3), 'seasonal_order': (2, 1, 0, 7), 'oob': nan, 'aic': 7339.0513325169595, 'aicc': 7339.578805044432, 'bic': 7411.4006243522945, 'bse': intercept          0.765386
FOURIER_S365-0    13.786641
FOURIER_C365-0    14.837503
FOURIER_S365-1     7.663340
FOURIER_C365-1     6.359811
ar.L1              0.034596
ar.L2              0.049124
ar.L3              0.042112
ar.L4              0.025321
ma.L1              0.032999
ma.L2              0.038703
ma.L3              0.029869
ar.S.L7            0.017332
ar.S.L14           0.017874
sigma2             2.161641
dtype: float64, 'params': intercept          -0.804378
FOURIER_S365-0     -6.216585
FOURIER_C365-0     -2.856415
FOURIER_S365-1     -4.110664
FOURIER_C365-1      3.601739
ar.L1               0.871288
ar.L2               0.156112
ar.L3              -1.000062
ar.L4               0.598913
ma.L1              -0.284037
ma.L2              -0.184729
ma.L3               0.927240
ar.S.L7            -0.505016
ar.S.L14           -0.285700
sigma2            152.887377
dtype: float64}",480733,B
33,12,12,0.477,0.272,"{'pvalues': FOURIER_S365-0     9.254694e-01
FOURIER_C365-0     7.502660e-01
FOURIER_S365-1     6.638717e-01
FOURIER_C365-1     3.413226e-01
ar.L1              8.496913e-03
ar.L2              9.657752e-01
ar.L3              1.170598e-14
ma.L1              5.223152e-18
ma.L2              8.866288e-16
ar.S.L7           3.600292e-115
ar.S.L14           2.264847e-71
sigma2             0.000000e+00
dtype: float64, 'resid': date
2018-09-28    140.666274
2018-09-29     70.416626
2018-09-30     85.555866
2018-10-01     98.797488
2018-10-02     63.964642
                 ...    
2021-01-13      1.333007
2021-01-14     -1.734589
2021-01-15      6.504859
2021-01-16      4.500377
2021-01-17      1.340703
Length: 843, dtype: float64, 'order': (3, 0, 2), 'seasonal_order': (2, 1, 0, 7), 'oob': nan, 'aic': 7235.900740877342, 'aicc': 7236.2766444918, 'bic': 7292.644284234359, 'bse': FOURIER_S365-0    18.133295
FOURIER_C365-0    15.898455
FOURIER_S365-1     9.061356
FOURIER_C365-1     8.011729
ar.L1              0.110460
ar.L2              0.091123
ar.L3              0.067859
ma.L1              0.106030
ma.L2              0.092291
ar.S.L7            0.024061
ar.S.L14           0.016679
sigma2             5.889484
dtype: float64, 'params': FOURIER_S365-0     -1.696306
FOURIER_C365-0      5.060298
FOURIER_S365-1     -3.937829
FOURIER_C365-1     -7.623603
ar.L1              -0.290693
ar.L2              -0.003910
ar.L3               0.523817
ma.L1               0.916985
ma.L2               0.742169
ar.S.L7            -0.548856
ar.S.L14           -0.297955
sigma2            325.280264
dtype: float64}",528854,A
34,4,4,0.601,0.536,"{'pvalues': intercept          1.710799e-01
FOURIER_S365-0     1.363397e-01
FOURIER_C365-0     2.840099e-01
FOURIER_S365-1     1.976912e-01
FOURIER_C365-1     2.858646e-01
ar.L1              0.000000e+00
ar.L2              1.605097e-03
ar.L3              9.741457e-08
ar.L4              8.459697e-01
ma.L1              0.000000e+00
ar.S.L7           5.363494e-172
ar.S.L14           3.865044e-55
sigma2             0.000000e+00
dtype: float64, 'resid': date
2018-10-19     0.295172
2018-10-20    80.324946
2018-10-21    35.588030
2018-10-22    30.689135
2018-10-23     9.917601
                ...    
2021-01-13     2.349622
2021-01-14     1.084453
2021-01-15    -5.064842
2021-01-16     9.587743
2021-01-17     2.715863
Length: 822, dtype: float64, 'order': (4, 0, 1), 'seasonal_order': (2, 1, 0, 7), 'oob': nan, 'aic': 5275.888712301794, 'aicc': 5276.339207351299, 'bic': 5337.030157773926, 'bse': intercept         0.003985
FOURIER_S365-0    0.969129
FOURIER_C365-0    0.895944
FOURIER_S365-1    0.668230
FOURIER_C365-1    0.787784
ar.L1             0.029463
ar.L2             0.045086
ar.L3             0.049121
ar.L4             0.030066
ma.L1             0.011118
ar.S.L7           0.017860
ar.S.L14          0.019390
sigma2            0.817956
dtype: float64, 'params': intercept         -0.005454
FOURIER_S365-0     1.443576
FOURIER_C365-0     0.959874
FOURIER_S365-1     0.860786
FOURIER_C365-1    -0.840752
ar.L1              1.355119
ar.L2             -0.142245
ar.L3             -0.261885
ar.L4              0.005841
ma.L1             -0.987618
ar.S.L7           -0.499328
ar.S.L14          -0.303260
sigma2            35.853304
dtype: float64}",536898,C
35,5,3,0.643,0.335,"{'pvalues': FOURIER_S365-0     8.965820e-01
FOURIER_C365-0     6.990280e-01
FOURIER_S365-1     4.276539e-01
FOURIER_C365-1     8.397255e-01
ar.L1             1.635592e-111
ma.L1              1.018778e-12
ar.S.L7           6.248432e-145
ar.S.L14           7.278409e-55
sigma2             0.000000e+00
dtype: float64, 'resid': date
2018-11-16    55.997559
2018-11-17    29.949431
2018-11-18    16.568039
2018-11-19     8.377374
2018-11-20    13.415355
                ...    
2021-01-13     5.812034
2021-01-14     1.369833
2021-01-15    -6.051511
2021-01-16     3.376359
2021-01-17    -0.622530
Length: 794, dtype: float64, 'order': (1, 0, 1), 'seasonal_order': (2, 1, 0, 7), 'oob': nan, 'aic': 5171.649145464966, 'aicc': 5171.8787373017, 'bic': 5213.6631997007225, 'bse': FOURIER_S365-0    4.342581
FOURIER_C365-0    5.060010
FOURIER_S365-1    2.134937
FOURIER_C365-1    2.426108
ar.L1             0.034978
ma.L1             0.051107
ar.S.L7           0.025433
ar.S.L14          0.021693
sigma2            0.912410
dtype: float64, 'params': FOURIER_S365-0    -0.564450
FOURIER_C365-0     1.956366
FOURIER_S365-1     1.693459
FOURIER_C365-1     0.490667
ar.L1              0.784873
ma.L1             -0.364289
ar.S.L7           -0.651982
ar.S.L14          -0.338406
sigma2            40.681543
dtype: float64}",536902,C
36,12,13,0.522,0.415,"{'pvalues': FOURIER_S365-0     5.294994e-03
FOURIER_C365-0     2.210319e-01
FOURIER_S365-1     2.131439e-02
FOURIER_C365-1     9.621451e-02
ar.L1              2.873288e-01
ar.L2              2.892485e-01
ar.L3              2.473494e-01
ar.L4              2.324102e-03
ma.L1              7.492489e-01
ma.L2              4.956037e-01
ma.S.L7            6.493658e-66
ma.S.L14           2.007168e-07
sigma2            1.272218e-280
dtype: float64, 'resid': date
2019-01-12    143.313371
2019-01-13    234.543676
2019-01-14     73.957804
2019-01-15     54.190225
2019-01-16     52.587417
                 ...    
2021-01-13      4.545443
2021-01-14      3.566903
2021-01-15      0.732439
2021-01-16     25.760747
2021-01-17     -0.660812
Length: 737, dtype: float64, 'order': (4, 0, 2), 'seasonal_order': (0, 1, 2, 7), 'oob': nan, 'aic': 6356.691491036935, 'aicc': 6357.194948851597, 'bic': 6416.401069980787, 'bse': FOURIER_S365-0    5.656215
FOURIER_C365-0    4.394820
FOURIER_S365-1    3.611957
FOURIER_C365-1    4.564624
ar.L1             0.481903
ar.L2             0.272666
ar.L3             0.215296
ar.L4             0.039970
ma.L1             0.482418
ma.L2             0.341281
ma.S.L7           0.040766
ma.S.L14          0.039977
sigma2            9.501449
dtype: float64, 'params': FOURIER_S365-0    -15.772453
FOURIER_C365-0      5.378332
FOURIER_S365-1     -8.316056
FOURIER_C365-1      7.593204
ar.L1               0.512744
ar.L2               0.288963
ar.L3              -0.249057
ar.L4               0.121723
ma.L1               0.154195
ma.L2              -0.232557
ma.S.L7            -0.699061
ma.S.L14           -0.207827
sigma2            340.114364
dtype: float64}",566790,A
37,4,4,0.61,0.77,"{'pvalues': FOURIER_S365-0     5.727887e-01
FOURIER_C365-0     1.116454e-01
FOURIER_S365-1     7.004242e-01
FOURIER_C365-1     2.553539e-01
ar.L1              1.618988e-15
ar.L2              1.358357e-03
ma.L1              4.144359e-07
ma.S.L7            0.000000e+00
sigma2            6.932505e-243
dtype: float64, 'resid': date
2018-12-15    -3.031290
2018-12-16    34.507949
2018-12-17     0.580879
2018-12-18     4.472603
2018-12-19     0.959024
                ...    
2021-01-13    -4.042331
2021-01-14     1.603388
2021-01-15    -0.517237
2021-01-16     3.114723
2021-01-17    -7.985389
Length: 765, dtype: float64, 'order': (2, 0, 1), 'seasonal_order': (0, 1, 1, 7), 'oob': nan, 'aic': 4734.475094932439, 'aicc': 4734.713505528465, 'bic': 4776.15124540322, 'bse': FOURIER_S365-0    1.548607
FOURIER_C365-0    1.262256
FOURIER_S365-1    1.060395
FOURIER_C365-1    0.925954
ar.L1             0.153445
ar.L2             0.097324
ma.L1             0.144840
ma.S.L7           0.019942
sigma2            0.874432
dtype: float64, 'params': FOURIER_S365-0    -0.873336
FOURIER_C365-0     2.008049
FOURIER_S365-1    -0.407985
FOURIER_C365-1     1.053218
ar.L1              1.222573
ar.L2             -0.311763
ma.L1             -0.733210
ma.S.L7           -0.879617
sigma2            29.103240
dtype: float64}",566792,C
